,Don Young,@repdonyoung,,,@repdonyoung
,,,,,
AL-01,Jo Bonner,@RepJoBonner,,,@RepJoBonner
,,,,,
AL-02,Martha Roby,@RepMarthaRoby,,,@RepMarthaRoby
,,,,,
AL-03,Mike D. Rogers,@RepMikeRogersAL,,,@RepMikeRogersAL
,,,,,
AL-04,Robert Aderholt,@Robert_Aderholt,,,@Robert_Aderholt
,,,,,
AL-05,Mo Brooks,@RepMoBrooks,,,@RepMoBrooks
,,,,,
AL-06,Spencer Bachus,@BachusAL06,,,@BachusAL06
,,,,,
AL-07,Terri Sewell,@RepTerriSewell,,,@RepTerriSewell
,,,,,
AR-01,Rick Crawford,@RepRickCrawford,,,@RepRickCrawford
,,,,,
AR-02,Tim Griffin,@RepTimGriffin,,,@RepTimGriffin
,,,,,
AR-03,Steve Womack,@rep_stevewomack,,,@rep_stevewomack
,,,,,
AR-04,Tom Cotton,@tomcottonAR,"<-- he says this is his ""non government"" twitter account",,@tomcottonAR
,,,,,
AZ-01,Ann Kirkpatrick,@Ann_Kirkpatrick,,,@Ann_Kirkpatrick
,,,,,
AZ-02,Ron Barber,@RepRonBarber,campaign twitter account: RonBarberAZ,<-- hasn't been updated since election,@RepRonBarber
,,,,,
AZ-03,Raúl Grijalva,@RepRaulGrijalva,,,@RepRaulGrijalva
,,,,,
AZ-04,Paul Gosar,@RepGosar,,,@RepGosar
,,,,,
AZ-05,Matt Salmon,@salmoncongress,,,@salmoncongress
,,,,,
AZ-06,David Schweikert,@RepDavid,,,@RepDavid
,,,,,
AZ-07,Ed Pastor,,just a campaign one,,
,,,,,
AZ-08,Trent Franks,@RepTrentFranks,,,@RepTrentFranks
,,,,,
AZ-09,Kyrsten Sinema,@kyrstensinema,,,@kyrstensinema
,,,,,
CA-01,Doug LaMalfa,@DougLaMalfa,,,@DougLaMalfa
,,,,,
CA-02,Jared Huffman,@RepHuffman,,,@RepHuffman
,,,,,
CA-03,John Garamendi,@RepGaramendi,,,@RepGaramendi
,,,,,
CA-04,Tom McClintock,@RepMcClintock,,,@RepMcClintock
,,,,,
CA-05,Mike Thompson,@RepThompson,RepThompson,<-- seems a little weird,@RepThompson
,,,,,
CA-06,Doris Matsui,@DorisMatsui,,,@DorisMatsui
,,,,,
CA-07,Ami Bera,@RepBera,,,@RepBera
,,,,,
CA-08,Paul Cook,,joinpaulcook,<-- campaign,
,,,,,
CA-09,Jerry McNerney,@RepMcNerney,,,@RepMcNerney
,,,,,
CA-10,Jeff Denham,@RepJeffDenham,,,@RepJeffDenham
,,,,,
CA-11,George Miller,@askgeorge,,,@askgeorge
,,,,,
CA-12,Nancy Pelosi,@NancyPelosi,,,@NancyPelosi
,,,,,
CA-13,Barbara Lee,@RepBarbaraLee,,,@RepBarbaraLee
,,,,,
CA-14,Anna Eshoo,@RepAnnaEshoo,,,@RepAnnaEshoo
,,,,,
CA-14,Jackie Speier,@RepSpeier,,,@RepSpeier
,,,,,
CA-15,Eric Swalwell,@RepSwalwell,,,@RepSwalwell
,,,,,
CA-16,Zoe Lofgren,@RepZoeLofgren,,,@RepZoeLofgren
,,,,,
CA-16,Jim Costa,@RepJimCosta,,,@RepJimCosta
,,,,,
CA-17,Sam Farr,@RepSamFarr,,,@RepSamFarr
,,,,,
CA-17,Mike Honda,@RepMikeHonda,,,@RepMikeHonda
,,,,,
CA-21,David Valadao,@dgvaladao,,,@dgvaladao
,,,,,
CA-22,Devin Nunes,@DevinNunes,,,@DevinNunes
,,,,,
CA-23,Kevin McCarthy,@kevinomccarthy,"also @GOPWhip, which seems more active",,@kevinomccarthy
,,,,,
CA-24,Lois Capps,@RepLoisCapps,,,@RepLoisCapps
,,,,,
CA-25,Buck McKeon,@BuckMcKeon,,,@BuckMcKeon
,,,,,
CA-26,Julia Brownley,@JuliaBrownley,,,@JuliaBrownley
,,,,,
CA-27,Judy Chu,@RepJudyChu,,,@RepJudyChu
,,,,,
CA-28,Adam Schiff,@RepAdamSchiff,,,@RepAdamSchiff
,,,,,
CA-29,Tony Cardenas,,,,
,,,,,
CA-30,Brad Sherman,@BradSherman,,,@BradSherman
,,,,,
CA-31,Gary Miller,@RepGaryMiller,,,@RepGaryMiller
,,,,,
CA-32,Grace Napolitano,@gracenapolitano,,,@gracenapolitano
,,,,,
CA-33,Henry Waxman,,this is his climate-oriented twitter account: @WaxmanClimate,this is his campaign one: @WaxmanHenry,@WaxmanHenry
,,,,,
CA-34,Xavier Becerra,@RepBecerra,,,@RepBecerra
,,,,,
CA-35,Maxine Waters,@MaxineWaters,,,@MaxineWaters
,,,,,
CA-35,Gloria Negrete McLeod,@RepMcLeod,,,@RepMcLeod
,,,,,
CA-36,Raul Ruiz,@congressmanruiz,,,@congressmanruiz
,,,,,
CA-37,Karen Bass,@RepKarenBass,,,@RepKarenBass
,,,,,
CA-39,Ed Royce,@RepEdRoyce,,,@RepEdRoyce
,,,,,
CA-39,Linda Sánchez,@RepLindaSanchez,,,@RepLindaSanchez
,,,,,
CA-40,Lucille Roybal-Allard,@RepRoybalAllard,,,@RepRoybalAllard
,,,,,
CA-41,Mark Takano,@RepMarkTakano,,,@RepMarkTakano
,,,,,
CA-42,Ken Calvert,@KenCalvert,,,@KenCalvert
,,,,,
CA-44,Janice Hahn,@Rep_JaniceHahn,,,@Rep_JaniceHahn
,,,,,
CA-46,Loretta Sanchez,@LorettaSanchez,,,@LorettaSanchez
,,,,,
CA-47,Alan Lowenthal,@RepLowenthal,,,@RepLowenthal
,,,,,
CA-48,Dana Rohrabacher,@DanaRohrabacher,,,@DanaRohrabacher
,,,,,
CA-48,John Campbell,@RepJohnCampbell,,,@RepJohnCampbell
,,,,,
CA-49,Darrell Issa,@DarrellIssa,,,@DarrellIssa
,,,,,
CA-50,Duncan D. Hunter,,,,
,,,,,
CA-51,Juan Vargas,,,,
,,,,,
CA-52,Scott Peters,@ScottPetersSD,,,@ScottPetersSD
,,,,,
CA-53,Susan Davis,,"no twitter, i don't think",,
,,,,,
CO-01,Diana DeGette,@RepDianaDeGette,,,@RepDianaDeGette
,,,,,
CO-02,Jared Polis,@jaredpolis,,,@jaredpolis
,,,,,
CO-03,Scott Tipton,@RepTipton,,,@RepTipton
,,,,,
CO-04,Cory Gardner,@repcorygardner,,,@repcorygardner
,,,,,
CO-05,Doug Lamborn,@RepDLamborn,,,@RepDLamborn
,,,,,
CO-06,Mike Coffman,@RepMikeCoffman,,,@RepMikeCoffman
,,,,,
CO-07,Ed Perlmutter,@RepPerlmutter,,,@RepPerlmutter
,,,,,
CT-01,John Larson,@RepJohnLarson,,,@RepJohnLarson
,,,,,
CT-02,Joe Courtney,@RepJoeCourtney,,,@RepJoeCourtney
,,,,,
CT-03,Rosa DeLauro,@rosadelauro,,,@rosadelauro
,,,,,
CT-04,Jim Himes,@jahimes,,,@jahimes
,,,,,
CT-05,Elizabeth Esty,@RepEsty,,,@RepEsty
,,,,,
DE,John Carney,@johncarneyde,,,@johncarneyde
,,,,,
FL-01,Jeff Miller,,,,
,,,,,
FL-02,Steve Southerland,@Rep_Southerland,,,@Rep_Southerland
,,,,,
FL-03,Ted Yoho,@TedYoho,,,@TedYoho
,,,,,
FL-04,Ander Crenshaw,@AnderCrenshaw,,,@AnderCrenshaw
,,,,,
FL-05,Corrine Brown,@RepCorrineBrown,,,@RepCorrineBrown
,,,,,
FL-06,Ron DeSantis,@RonDeSantisFL,,,@RonDeSantisFL
,,,,,
FL-07,John Mica,,,,
,,,,,
FL-08,Bill Posey,@congbillposey,,,@congbillposey
,,,,,
FL-09,Alan Grayson,@AlanGrayson,,,@AlanGrayson
,,,,,
FL-10,Daniel Webster,@RepWebster,,,@RepWebster
,,,,,
FL-11,Rich Nugent,@RepRichNugent,,,@RepRichNugent
,,,,,
FL-12,Gus Bilirakis,@RepGusBilirakis,,,@RepGusBilirakis
,,,,,
FL-13,Bill Young,,,,
,,,,,
FL-14,Kathy Castor,,,,
,,,,,
FL-15,Dennis Ross,@RepDennisRoss,,,@RepDennisRoss
,,,,,
FL-16,Vern Buchanan,@VernBuchanan,,,@VernBuchanan
,,,,,
FL-17,Tom Rooney,@TomRooney,,,@TomRooney
,,,,,
FL-18,Patrick Murphy,@PatrickMurphyFL,,,@PatrickMurphyFL
,,,,,
FL-19,Trey Radel,@treyradel,,,@treyradel
,,,,,
FL-20,Alcee Hastings,,,,
,,,,,
FL-21,Ted Deutch,@RepTedDeutch,,,@RepTedDeutch
,,,,,
FL-22,Lois Frankel,@RepLoisFrankel,,,@RepLoisFrankel
,,,,,
FL-23,Debbie Wasserman Schultz,@DWStweets,,,@DWStweets
,,,,,
FL-24,Frederica Wilson,@RepWilson,,,@RepWilson
,,,,,
FL-25,Mario Diaz-Balart,@MarioDB,,,@MarioDB
,,,,,
FL-26,Joe Garcia,@JoeGarcia,,,@JoeGarcia
,,,,,
FL-27,Ileana Ros-Lehtinen,@RosLehtinen,,,@RosLehtinen
,,,,,
GA-01,Jack Kingston,@JackKingston,,,@JackKingston
,,,,,
GA-02,Sanford Bishop,@SanfordBishop,,,@SanfordBishop
,,,,,
GA-03,Lynn Westmoreland,@RepWestmoreland,,,@RepWestmoreland
,,,,,
GA-04,Hank Johnson,@RepHankJohnson,,,@RepHankJohnson
,,,,,
GA-05,John Lewis,@repjohnlewis,,,@repjohnlewis
,,,,,
GA-06,Tom Price,@RepTomPrice,,,@RepTomPrice
,,,,,
GA-07,Rob Woodall,,,,
,,,,,
GA-08,Austin Scott,@AustinScottGA08,,,@AustinScottGA08
,,,,,
GA-09,Doug Collins,@RepDougCollins,,,@RepDougCollins
,,,,,
GA-10,Paul Broun,@RepPaulBrounMD,,,@RepPaulBrounMD
,,,,,
GA-11,Phil Gingrey,@RepPhilGingrey,,,@RepPhilGingrey
,,,,,
GA-12,John Barrow,@repjohnbarrow,,,@repjohnbarrow
,,,,,
GA-13,David Scott,@repdavidscott,,,@repdavidscott
,,,,,
GA-14,Tom Graves,@RepTomGraves,,,@RepTomGraves
,,,,,
HI-01,Colleen Hanabusa,@RepHanabusa,,,@RepHanabusa
,,,,,
HI-02,Tulsi Gabbard,@TulsiGabbard,,,@TulsiGabbard
,,,,,
IA-01,Bruce Braley,@BruceBraley,,,@BruceBraley
,,,,,
IA-02,Dave Loebsack,,@daveloebsack hasn't tweeted yet?,,@daveloebsack
,,,,,
IA-04,Tom Latham,@TomLatham,,,@TomLatham
,,,,,
IA-04,Steve King,@SteveKingIA,,,@SteveKingIA
,,,,,
ID-01,Raúl Labrador,@Raul_Labrador,,,@Raul_Labrador
,,,,,
ID-02,Mike Simpson,@CongMikeSimpson,,,@CongMikeSimpson
,,,,,
IL-01,Bobby Rush,@RepBobbyRush,,,@RepBobbyRush
,,,,,
IL-03,Dan Lipinski,,,,
,,,,,
IL-04,Luis Gutiérrez,@LuisGutierrez,,,@LuisGutierrez
,,,,,
IL-05,Michael Quigley,@RepMikeQuigley,,,@RepMikeQuigley
,,,,,
IL-06,Peter Roskam,@PeterRoskam,,,@PeterRoskam
,,,,,
IL-07,Danny Davis,,,,
,,,,,
IL-08,Tammy Duckworth,,"lots, no official one...",,
,,,,,
IL-09,Jan Schakowsky,@janschakowsky,,,@janschakowsky
,,,,,
IL-10,Brad Schneider,,@Schneider4IL10,,@Schneider4IL10
,,,,,
IL-11,Bill Foster,@RepBillFoster,@Foster4Congress,,@RepBillFoster
,,,,,
IL-12,William Enyart,,@EnyartforIL12,,@EnyartforIL12
,,,,,
IL-13,Rodney Davis,@ElectRodneyIL,,,@ElectRodneyIL
,,,,,
IL-14,Randy Hultgren,@RepHultgren,,,@RepHultgren
,,,,,
IL-15,John Shimkus,@RepShimkus,,,@RepShimkus
,,,,,
IL-16,Adam Kinzinger,@RepKinzinger,,,@RepKinzinger
,,,,,
IL-17,Cheri Bustos,@RepCheri,,,@RepCheri
,,,,,
IL-18,Aaron Schock,@repaaronschock,,,@repaaronschock
,,,,,
IN-01,Pete Visclosky,@RepVisclosky,,,@RepVisclosky
,,,,,
IN-02,Jackie Walorski,@jackiewalorski,,,@jackiewalorski
,,,,,
IN-03,Marlin Stutzman,@RepStutzman,,,@RepStutzman
,,,,,
IN-04,Todd Rokita,@ToddRokita,,,@ToddRokita
,,,,,
IN-05,Susan Brooks,@SusanBrooks2012,,,@SusanBrooks2012
,,,,,
IN-06,Luke Messer,@Luke_Messer,,,@Luke_Messer
,,,,,
IN-07,André Carson,@RepAndreCarson,,,@RepAndreCarson
,,,,,
IN-08,Larry Bucshon,@RepLarryBucshon,,,@RepLarryBucshon
,,,,,
IN-09,Todd Young,@RepToddYoung,,,@RepToddYoung
,,,,,
KS-01,Tim Huelskamp,@CongHuelskamp,,,@CongHuelskamp
,,,,,
KS-02,Lynn Jenkins,@RepLynnJenkins,,,@RepLynnJenkins
,,,,,
KS-03,Kevin Yoder,@RepKevinYoder,,,@RepKevinYoder
,,,,,
KS-04,Mike Pompeo,@RepMikePompeo,,,@RepMikePompeo
,,,,,
KY-01,Ed Whitfield,@RepEdWhitfield,,,@RepEdWhitfield
,,,,,
KY-02,Brett Guthrie,@RepGuthrie,,,@RepGuthrie
,,,,,
KY-03,John Yarmuth,@RepJohnYarmuth,,,@RepJohnYarmuth
,,,,,
KY-04,Thomas Massie,@RepThomasMassie,,,@RepThomasMassie
,,,,,
KY-05,Hal Rogers,@RepHalRogers,,,@RepHalRogers
,,,,,
KY-06,Andy Barr,,@barrforcongress,,@barrforcongress
,,,,,
LA-01,Steve Scalise,,,,
,,,,,
LA-02,Cedric Richmond,@RepRichmond,,,@RepRichmond
,,,,,
LA-04,John C. Fleming,@RepFleming,,,@RepFleming
,,,,,
LA-05,Rodney Alexander,@USRepAlexander,,,@USRepAlexander
,,,,,
LA-06,Bill Cassidy,@BillCassidy,,,@BillCassidy
,,,,,
LA-07,Charles Boustany,@RepBoustany,,,@RepBoustany
,,,,,
MA-01,Richard Neal,@RepRichardNeal,,,@RepRichardNeal
,,,,,
MA-02,Jim McGovern,@RepMcGovern,,,@RepMcGovern
,,,,,
MA-04,Joseph Kennedy III,@RepJoeKennedy,,,@RepJoeKennedy
,,,,,
MA-05,Ed Markey,@MarkeyMemo,,,@MarkeyMemo
,,,,,
MA-03,Niki Tsongas,@nikiinthehouse,,,@nikiinthehouse
,,,,,
MA-06,John Tierney,@RepTierney,,,@RepTierney
,,,,,
MA-07,Mike Capuano,,,,
,,,,,
MA-09,Stephen Lynch,@RepStephenLynch,,,@RepStephenLynch
,,,,,
MA-09,Bill Keating,@USRepKeating,,,@USRepKeating
,,,,,
MD-01,Andy Harris,,,,
,,,,,
MD-02,Dutch Ruppersberger,@Call_Me_Dutch,,,@Call_Me_Dutch
,,,,,
MD-03,John Sarbanes,@JohnSarbanes,,,@JohnSarbanes
,,,,,
MD-04,Donna Edwards,@repdonnaedwards,,,@repdonnaedwards
,,,,,
MD-05,Steny Hoyer,@WhipHoyer,,,@WhipHoyer
,,,,,
MD-06,John Delaney,,JohnDelaney2012,,@JohnDelaney2012
,,,,,
MD-07,Elijah Cummings,@ElijahECummings,,,@ElijahECummings
,,,,,
MD-08,Chris Van Hollen,@ChrisVanHollen,,,@ChrisVanHollen
,,,,,
ME-01,Chellie Pingree,@chelliepingree,,,@chelliepingree
,,,,,
ME-02,Mike Michaud,@RepMikeMichaud,,,@RepMikeMichaud
,,,,,
MI-01,Dan Benishek,@CongressmanDan,,,@CongressmanDan
,,,,,
MI-02,Bill Huizenga,@RepHuizenga,,,@RepHuizenga
,,,,,
MI-03,Justin Amash,@repjustinamash,,,@repjustinamash
,,,,,
MI-04,Dave Camp,@RepDaveCamp,,,@RepDaveCamp
,,,,,
MI-05,Dan Kildee,@dankildee,,,@dankildee
,,,,,
MI-06,Fred Upton,@RepFredUpton,,,@RepFredUpton
,,,,,
MI-07,Tim Walberg,@RepWalberg,,,@RepWalberg
,,,,,
MI-08,Mike Rogers,@RepMikeRogers,,,@RepMikeRogers
,,,,,
MI-09,Sander Levin,@repsandylevin,,,@repsandylevin
,,,,,
MI-10,Candice Miller,@CandiceMiller,,,@CandiceMiller
,,,,,
MI-11,Kerry Bentivolio,@RepKerryB,,,@RepKerryB
,,,,,
MI-12,John Dingell,@john_dingell,,,@john_dingell
,,,,,
MI-13,John Conyers,@repjohnconyers,,,@repjohnconyers
,,,,,
MI-14,Gary Peters,@RepGaryPeters,,,@RepGaryPeters
,,,,,
MN-01,Tim Walz,@Tim_Walz,,,@Tim_Walz
,,,,,
MN-02,John Kline,@repjohnkline,,,@repjohnkline
,,,,,
MN-03,Erik Paulsen,@RepErikPaulsen,,,@RepErikPaulsen
,,,,,
MN-04,Betty McCollum,@BettyMcCollum04,,,@BettyMcCollum04
,,,,,
MN-05,Keith Ellison,@keithellison,,,@keithellison
,,,,,
MN-06,Michele Bachmann,@MicheleBachmann,,,@MicheleBachmann
,,,,,
MN-07,Collin Peterson,,,,
,,,,,
MN-08,Rick Nolan,@RickNolan2012,,,@RickNolan2012
,,,,,
MO-01,William Lacy Clay,@LacyClayMO1,,,@LacyClayMO1
,,,,,
MO-02,Ann Wagner,@RepAnnWagner,,,@RepAnnWagner
,,,,,
MO-04,Vicky Hartzler,@RepHartzler,,,@RepHartzler
,,,,,
MO-05,Emanuel Cleaver,@repcleaver,,,@repcleaver
,,,,,
MO-06,Sam Graves,,SmallBizGOP is the committee he chairs,,
,,,,,
MO-07,Billy Long,@auctnr1,,,@auctnr1
,,,,,
MO-08,Jo Ann Emerson,@JoAnnEmerson,,,@JoAnnEmerson
,,,,,
MO-09,Blaine Luetkemeyer,,,,
,,,,,
MS-01,Alan Nunnelee,@RepAlanNunnelee,,,@RepAlanNunnelee
,,,,,
MS-02,Bennie Thompson,@BennieGThompson,,,@BennieGThompson
,,,,,
MS-03,Gregg Harper,@GreggHarper,,,@GreggHarper
,,,,,
MS-04,Steven Palazzo,@CongPalazzo,,,@CongPalazzo
,,,,,
MT,Steve Daines,,@DainesforHouse,,@DainesforHouse
,,,,,
NC-01,G. K. Butterfield,@GKButterfield,,,@GKButterfield
,,,,,
NC-02,Renee Ellmers,@RepReneeEllmers,,,@RepReneeEllmers
,,,,,
NC-03,Walter B. Jones,@RepWalterJones,,,@RepWalterJones
,,,,,
NC-04,David Price,@RepDavidEPrice,,,@RepDavidEPrice
,,,,,
NC-05,Virginia Foxx,@virginiafoxx,,,@virginiafoxx
,,,,,
NC-06,Howard Coble,@HowardCoble,,,@HowardCoble
,,,,,
NC-07,Mike McIntyre,@RepMikeMcIntyre,,,@RepMikeMcIntyre
,,,,,
NC-08,Richard Hudson,@RichHudson,,,@RichHudson
,,,,,
NC-09,Robert Pittenger,@RobertPittenger,,,@RobertPittenger
,,,,,
NC-10,Patrick McHenry,@PatrickMcHenry,,,@PatrickMcHenry
,,,,,
NC-11,Mark Meadows,@RepMarkMeadows,,,@RepMarkMeadows
,,,,,
NC-12,Mel Watt,@MelWattNC12,,,@MelWattNC12
,,,,,
NC-13,George Holding,@RepHolding,,,@RepHolding
,,,,,
ND,Kevin Cramer,@kevincramer,,,@kevincramer
,,,,,
NE-01,Jeff Fortenberry,@JeffFortenberry,,,@JeffFortenberry
,,,,,
NE-02,Lee Terry,@LEETERRYNE,,,@LEETERRYNE
,,,,,
NE-03,Adrian Smith,@RepAdrianSmith,,,@RepAdrianSmith
,,,,,
NH-01,Carol Shea-Porter,@TeamSheaPorter,TeamSheaPorter,,@TeamSheaPorter
,,,,,
NH-02,Ann McLane Kuster,@RepAnnieKuster,,,@RepAnnieKuster
,,,,,
NJ-01,Rob Andrews,@RepAndrews,,,@RepAndrews
,,,,,
NJ-02,Frank LoBiondo,@RepLoBiondo,,,@RepLoBiondo
,,,,,
NJ-03,Jon Runyan,@RepJonRunyan,,,@RepJonRunyan
,,,,,
NJ-04,Christopher Smith,,,,
,,,,,
NJ-05,Scott Garrett,@RepGarrett,,,@RepGarrett
,,,,,
NJ-06,Frank Pallone,@FrankPallone,,,@FrankPallone
,,,,,
NJ-07,Leonard Lance,@RepLanceNJ7,,,@RepLanceNJ7
,,,,,
NJ-08,Bill Pascrell,@BillPascrell,,,@BillPascrell
,,,,,
NJ-10,"Donald Payne, Jr.",,DonaldPayneJr,,@DonaldPayneJr
,,,,,
NJ-11,Rodney Frelinghuysen,,RodneyforNJ,,@RodneyforNJ
,,,,,
NJ-12,Rush D. Holt,@RushHolt,,,@RushHolt
,,,,,
NJ-13,Albio Sires,@Rep_Albio_Sires,,,@Rep_Albio_Sires
,,,,,
NM-01,Michelle Lujan Grisham,@Michelle4NM,,,@Michelle4NM
,,,,,
NM-02,Steve Pearce,@RepStevePearce,,,@RepStevePearce
,,,,,
NM-03,Ben R. Luján,@repbenraylujan,,,@repbenraylujan
,,,,,
NV-01,Dina Titus,@dinatitus,,,@dinatitus
,,,,,
NV-02,Mark Amodei,,@AmodeiNevada,,
,,,,,
NV-03,Joe Heck,@RepJoeHeck,,,@RepJoeHeck
,,,,,
NV-04,Steve Horsford,@RepHorsford,,,@RepHorsford
,,,,,
NY-01,Tim Bishop,@TimBishopNY,,,@TimBishopNY
,,,,,
NY-02,Peter King,@RepPeteKing,,,@RepPeteKing
,,,,,
NY-03,Steve Israel,@RepSteveIsrael,,,@RepSteveIsrael
,,,,,
NY-04,Carolyn McCarthy,@carolynmccarthy,"RepMcCarthyNY is an official congress one, but has been idle for a year and a half",,@carolynmccarthy
,,,,,
NY-05,Gregory Meeks,@GregoryMeeks,,,@GregoryMeeks
,,,,,
NY-06,Grace Meng,@RepGraceMeng,,,@RepGraceMeng
,,,,,
NY-07,Nydia Velázquez,@NydiaVelazquez,,,@NydiaVelazquez
,,,,,
NY-08,Hakeem Jeffries,@RepJeffries,though it seems like TeamJeffries is more active,,@RepJeffries
,,,,,
NY-09,Yvette D. Clarke,@YvetteClarke,,,@YvetteClarke
,,,,,
NY-10,Jerrold Nadler,@RepJerryNadler,,,@RepJerryNadler
,,,,,
NY-11,Michael Grimm,@repmichaelgrimm,,,@repmichaelgrimm
,,,,,
NY-12,Carolyn Maloney,@RepMaloney,,,@RepMaloney
,,,,,
NY-13,Charles B. Rangel,@cbrangel,,,@cbrangel
,,,,,
NY-14,Joe Crowley,@repjoecrowley,,,@repjoecrowley
,,,,,
NY-15,José Serrano,@RepJoseSerrano,,,@RepJoseSerrano
,,,,,
NY-16,Eliot Engel,@RepEliotEngel,,,@RepEliotEngel
,,,,,
NY-17,Nita Lowey,@NitaLowey,,,@NitaLowey
,,,,,
NY-18,Sean Patrick Maloney,@spmaloney,,,@spmaloney
,,,,,
NY-19,Chris Gibson,@RepChrisGibson,,,@RepChrisGibson
,,,,,
NY-20,Paul Tonko,@paultonko,,,@paultonko
,,,,,
NY-21,Bill Owens,@BillOwensNY,,,@BillOwensNY
,,,,,
NY-22,Richard Hanna,@RepRichardHanna,,,@RepRichardHanna
,,,,,
NY-23,Tom Reed,@RepTomReed,,,@RepTomReed
,,,,,
NY-24,Dan Maffei,@DanMaffeiNY,,,@DanMaffeiNY
,,,,,
NY-26,Brian Higgins,@RepBrianHiggins,,,@RepBrianHiggins
,,,,,
NY-27,Chris Collins,@collinsNY27,,,@collinsNY27
,,,,,
NY-28,Louise Slaughter,@louiseslaughter,,,@louiseslaughter
,,,,,
OH-01,Steve Chabot,@RepSteveChabot,,,@RepSteveChabot
,,,,,
OH-02,Brad Wenstrup,@bradwenstrup,,,@bradwenstrup
,,,,,
OH-03,Joyce Beatty,,@JoyceBeatty,,@JoyceBeatty
,,,,,
OH-04,Jim Jordan,@Jim_Jordan,,,@Jim_Jordan
,,,,,
OH-05,Bob Latta,@boblatta,,,@boblatta
,,,,,
OH-06,Bill Johnson,@RepBillJohnson,,,@RepBillJohnson
,,,,,
OH-07,Bob Gibbs,@RepBobGibbs,,,@RepBobGibbs
,,,,,
OH-08,John Boehner,@SpeakerBoehner,also johnboehner,,@SpeakerBoehner
,,,,,
OH-09,Marcy Kaptur,@RepMarcyKaptur,,,@RepMarcyKaptur
,,,,,
OH-10,Michael Turner,@RepMikeTurner,,,@RepMikeTurner
,,,,,
OH-11,Marcia Fudge,@RepMarciaFudge,,,@RepMarciaFudge
,,,,,
OH-12,Patrick Tiberi,,,,
,,,,,
OH-13,Tim Ryan,@RepTimRyan,,,@RepTimRyan
,,,,,
OH-14,David Joyce,@DaveJoyceOH14,,,@DaveJoyceOH14
,,,,,
OH-15,Steve Stivers,@RepSteveStivers,,,@RepSteveStivers
,,,,,
OH-16,Jim Renacci,@RepJimRenacci,,,@RepJimRenacci
,,,,,
OK-01,Jim Bridenstine,@RepJBridenstine,,,@RepJBridenstine
,,,,,
OK-02,Markwayne Mullin,@MarkwayneMullin,,,@MarkwayneMullin
,,,,,
OK-03,Frank Lucas,@FrankDLucas,,,@FrankDLucas
,,,,,
OK-04,Tom Cole,@tomcoleok04,,,@tomcoleok04
,,,,,
OK-05,James Lankford,@RepLankford,,,@RepLankford
,,,,,
OR-01,Suzanne Bonamici,@RepBonamici,,,@RepBonamici
,,,,,
OR-02,Greg Walden,@repgregwalden,,,@repgregwalden
,,,,,
OR-03,Earl Blumenauer,@repblumenauer,,,@repblumenauer
,,,,,
OR-04,Peter DeFazio,@RepPeterDeFazio,,,@RepPeterDeFazio
,,,,,
OR-05,Kurt Schrader,@RepSchrader,,,@RepSchrader
,,,,,
PA-01,Robert Brady,@RepBrady,,,@RepBrady
,,,,,
PA-02,Chaka Fattah,@chakafattah,,,@chakafattah
,,,,,
PA-03,Mike Kelly,@MikeKellyPA,,,@MikeKellyPA
,,,,,
PA-04,Scott Perry,@RepScottPerry,,,@RepScottPerry
,,,,,
PA-05,Glenn Thompson,@CongressmanGT,,,@CongressmanGT
,,,,,
PA-06,Jim Gerlach,@JimGerlach,,,@JimGerlach
,,,,,
PA-07,Pat Meehan,@RepMeehan,,,@RepMeehan
,,,,,
PA-08,Mike Fitzpatrick,@RepFitzpatrick,,,@RepFitzpatrick
,,,,,
PA-09,Bill Shuster,@RepBillShuster,,,@RepBillShuster
,,,,,
PA-10,Tom Marino,@RepTomMarino,,,@RepTomMarino
,,,,,
PA-11,Lou Barletta,@RepLouBarletta,,,@RepLouBarletta
,,,,,
PA-12,Keith Rothfus,@KRPA12,,,@KRPA12
,,,,,
PA-13,Allyson Schwartz,,,,
,,,,,
PA-14,Mike Doyle,@USRepMikeDoyle,,,@USRepMikeDoyle
,,,,,
PA-15,Charlie Dent,@DentPressShop,,,@DentPressShop
,,,,,
PA-16,Joe Pitts,@RepJoePitts,,,@RepJoePitts
,,,,,
PA-17,Matt Cartwright,@CartwrightPA,,,@CartwrightPA
,,,,,
PA-18,Tim Murphy,@RepTimMurphy,,,@RepTimMurphy
,,,,,
RI-01,David Cicilline,@davidcicilline,,,@davidcicilline
,,,,,
RI-02,James Langevin,@jimlangevin,,,@jimlangevin
,,,,,
SC-02,Joe Wilson,@USRepJoeWilson,,,@USRepJoeWilson
,,,,,
SC-03,Jeff Duncan,@RepJeffDuncan,,,@RepJeffDuncan
,,,,,
SC-04,Trey Gowdy,@TGowdySC,,,@TGowdySC
,,,,,
SC-05,Mick Mulvaney,@RepMickMulvaney,,,@RepMickMulvaney
,,,,,
SC-06,Jim Clyburn,@Clyburn,,,@Clyburn
,,,,,
SC-07,Tom Rice,@RepTomRice,,,@RepTomRice
,,,,,
SD,Kristi Noem,@RepKristiNoem,,,@RepKristiNoem
,,,,,
TN-01,Phil Roe,@DrPhilRoe,,,@DrPhilRoe
,,,,,
TN-02,John Duncan,,,,
,,,,,
TN-03,Chuck Fleischmann,@RepChuck,,,@RepChuck
,,,,,
TN-04,Scott DesJarlais,@DesJarlaisTN04,,,@DesJarlaisTN04
,,,,,
TN-05,Jim Cooper,@repjimcooper,,,@repjimcooper
,,,,,
TN-06,Diane Black,@RepDianeBlack,,,@RepDianeBlack
,,,,,
TN-07,Marsha Blackburn,@MarshaBlackburn,,,@MarshaBlackburn
,,,,,
TN-08,Stephen Fincher,@RepFincherTN08,,,@RepFincherTN08
,,,,,
TN-09,Steve Cohen,@RepCohen,,,@RepCohen
,,,,,
TX-01,Louie Gohmert,@replouiegohmert,,,@replouiegohmert
,,,,,
TX-02,Ted Poe,@JudgeTedPoe,,,@JudgeTedPoe
,,,,,
TX-03,Sam Johnson,@SamsPressShop,,,@SamsPressShop
,,,,,
TX-04,Ralph Hall,,,,
,,,,,
TX-05,Jeb Hensarling,@RepHensarling,,,@RepHensarling
,,,,,
TX-06,Joe Barton,@RepJoeBarton,,,@RepJoeBarton
,,,,,
TX-07,John Culberson,@CongCulberson,,,@CongCulberson
,,,,,
TX-08,Kevin Brady,@RepKevinBrady,,,@RepKevinBrady
,,,,,
TX-09,Al Green,@RepAlGreen,,,@RepAlGreen
,,,,,
TX-10,Michael McCaul,@McCaulPressShop,,,@McCaulPressShop
,,,,,
TX-11,Mike Conaway,@ConawayTX11,,,@ConawayTX11
,,,,,
TX-12,Kay Granger,@RepKayGranger,,,@RepKayGranger
,,,,,
TX-13,Mac Thornberry,@MacTXPress,,,@MacTXPress
,,,,,
TX-14,Randy Weber,@WeberforTexas,,,@WeberforTexas
,,,,,
TX-15,Rubén Hinojosa,@USRepRHinojosa,,,@USRepRHinojosa
,,,,,
TX-16,Beto O'Rourke,@BetoORourke,,,@BetoORourke
,,,,,
TX-17,Bill Flores,@RepBillFlores,,,@RepBillFlores
,,,,,
TX-18,Sheila Jackson-Lee,@JacksonLeeTX18,,,@JacksonLeeTX18
,,,,,
TX-19,Randy Neugebauer,@RandyNeugebauer,,,@RandyNeugebauer
,,,,,
TX-20,Joaquin Castro,@Castro4Congress,,,@Castro4Congress
,,,,,
TX-21,Lamar Smith,@LamarSmithTX21,,,@LamarSmithTX21
,,,,,
TX-22,Pete Olson,@PeteOlson,@OlsonPressShop,,@PeteOlson
,,,,,
TX-23,Pete Gallego,@petegallego,,,@petegallego
,,,,,
TX-24,Kenny Marchant,@RepKenMarchant,,,@RepKenMarchant
,,,,,
TX-25,Roger Williams,@RogerWilliamsTX,,,@RogerWilliamsTX
,,,,,
TX-26,Michael Burgess,@michaelcburgess,,,@michaelcburgess
,,,,,
TX-27,Blake Farenthold,@farenthold,,,@farenthold
,,,,,
TX-28,Henry Cuellar,@RepCuellar,,,@RepCuellar
,,,,,
TX-29,Gene Green,@RepGeneGreen,,,@RepGeneGreen
,,,,,
TX-30,Eddie Bernice Johnson,@RepEBJ,,,@RepEBJ
,,,,,
TX-31,John Carter,@JudgeCarter,,,@JudgeCarter
,,,,,
TX-32,Pete Sessions,@PeteSessions,,,@PeteSessions
,,,,,
TX-33,Marc Veasey,@MarcVeasey,,,@MarcVeasey
,,,,,
TX-34,Filemon Vela,@FilemonVela,,,@FilemonVela
,,,,,
TX-35,Lloyd Doggett,@RepLloydDoggett,,,@RepLloydDoggett
,,,,,
TX-36,Steve Stockman,@SteveStockmanUS,,,@SteveStockmanUS
,,,,,
UT-01,Rob Bishop,,,,
,,,,,
UT-02,Chris Stewart,,ChrisStewart4UT,,@ChrisStewart4UT
,,,,,
UT-03,Jason Chaffetz,@jasoninthehouse,,,@jasoninthehouse
,,,,,
UT-04,Jim Matheson,@RepJimMatheson,,,@RepJimMatheson
,,,,,
VA-01,Rob Wittman,@RobWittman,,,@RobWittman
,,,,,
VA-02,Scott Rigell,@RepScottRigell,,,@RepScottRigell
,,,,,
VA-03,Bobby Scott,@repbobbyscott,,,@repbobbyscott
,,,,,
VA-04,Randy Forbes,@Randy_Forbes,,,@Randy_Forbes
,,,,,
VA-05,Robert Hurt,@RepRobertHurt,,,@RepRobertHurt
,,,,,
VA-06,Bob Goodlatte,@RepGoodlatte,,,@RepGoodlatte
,,,,,
VA-07,Eric Cantor,@EricCantor,,,@EricCantor
,,,,,
VA-08,Jim Moran,@Jim_Moran,,,@Jim_Moran
,,,,,
VA-09,Morgan Griffith,@RepMGriffith,,,@RepMGriffith
,,,,,
VA-10,Frank Wolf,@RepWOLFPress,,,@RepWOLFPress
,,,,,
VA-11,Gerry Connolly,@GerryConnolly,,,@GerryConnolly
,,,,,
VT,Peter Welch,@RepPeterWelch,,,@RepPeterWelch
,,,,,
WA-01,Suzan DelBene,@SuzanDelBene,,,@SuzanDelBene
,,,,,
WA-02,Rick Larsen,@larsenrick,,,@larsenrick
,,,,,
WA-03,Jaime Herrera,@HerreraBeutler,,,@HerreraBeutler
,,,,,
WA-04,Doc Hastings,@DocHastings,,,@DocHastings
,,,,,
WA-05,Cathy McMorris Rodgers,@cathymcmorris,,,@cathymcmorris
,,,,,
WA-06,Derek Kilmer,@RepDerekKilmer,,,@RepDerekKilmer
,,,,,
WA-07,Jim McDermott,@RepJimMcDermott,,,@RepJimMcDermott
,,,,,
WA-08,Dave Reichert,@davereichert,,,@davereichert
,,,,,
WA-09,Adam Smith,@Rep_Adam_Smith,,,@Rep_Adam_Smith
,,,,,
WA-10,Dennis Heck,@DennyHeck,,,@DennyHeck
,,,,,
WI-01,Paul Ryan,@RepPaulRyan,,,@RepPaulRyan
,,,,,
WI-02,Mark Pocan,@MarkPocan,,,@MarkPocan
,,,,,
WI-03,Ron Kind,@RepRonKind,,,@RepRonKind
,,,,,
WI-04,Gwen Moore,@RepGwenMoore,,,@RepGwenMoore
,,,,,
WI-05,James Sensenbrenner,@RpSensenbrenner,,,@RpSensenbrenner
,,,,,
WI-06,Tom Petri,,,,
,,,,,
WI-07,Sean Duffy,@RepSeanDuffy,,,@RepSeanDuffy
,,,,,
WI-08,Reid Ribble,@RepRibble,,,@RepRibble
,,,,,
WV-01,David McKinley,@RepMcKinley,,,@RepMcKinley
,,,,,
WV-02,Shelley Moore Capito,@RepShelley,,,@RepShelley
,,,,,
WV-03,Nick Rahall,,,,
,,,,,
WY,Cynthia Lummis,@CynthiaLummis,,,